leiden_0_4,n_cells,review_decision,reviewed_structured_label,reviewed_label_short,reviewed_label_detail,discrepancy_flags,review_reason,confidence_score,needs_human_review_reviewed,human_review_reason_reviewed
0,49483,revise,cNK_Cytotoxic_activated,cNK_Cytotoxic_FGFBP2+_blood,"Circulating cytotoxic CD56dim-like NKs (FGFBP2+, GZMB/GZMA/PRF1+, FCGR3A+); minor myeloid S100 signature",possible_contamination,"Strong NK/cytotoxic program: high NKG7, GNLY, GZMB, GZMA, GZMH, PRF1, FGFBP2 and FCGR3A with high pct_cluster; top tissue blood. However S100A8/S100A9, LYZ and FCN1 upregulated indicating possible myeloid/neutrophil contamination.",4,True,Elevated S100A8/A9 and other myeloid markers warrant checking cluster purity and protein-level CD56/CD3 to confirm NK identity.
1,8720,revise,NK2_Proliferating,NK2_Proliferating,"Strong cell-cycle/S-G2-M proliferation program (STMN1, MKI67, PCNA, RRM2) in blood; canonical NK markers depleted",weak_pan_nk; lineage_ambiguous,"Top upregulated markers are proliferation/cell-cycle genes (STMN1, RRM2, TYMS, PCNA, MKI67, MCM7, TOP2A) consistent with a proliferating population in blood. Canonical NK-associated genes are not upregulated and some are down (KLRB1, IL2RB, ID2), so NK identity is not strongly supported by marker evidence.",2,True,Very strong proliferation signature but absence/depletion of canonical NK markers — expert review needed to distinguish proliferating NKs versus cycling T or other blood cell populations.
2,47134,revise,cNK_Cytotoxic_activated,cNK_Cytotoxic_FGFBP2+_blood,"Circulating CD56dim-like cytotoxic NKs (NKG7, GNLY, GZMH, FGFBP2, FCGR3A) with high mitochondrial reads; TRBC1 upregulation suggests T-cell contamination/doublets",possible_contamination,"Blood cluster strongly expresses NK/cytotoxic markers (FGFBP2, NKG7, GNLY, GZMH, FCGR3A, S1PR5) consistent with circulating cytotoxic NKs; notable TRBC1 upregulation and high mitochondrial gene signals indicate likely T-cell contamination or doublets and metabolic/stress features.",4,True,Marked TRBC1 expression (TCR) within cluster; recommend checking CD3/TCR and doublet metrics to confirm NK purity
3,12339,revise,Non-NK,CD8_GZMK_T_activated,GZMK+ CD8 T cells (CD3D/CD3G/CD8A high) with activation/heat-shock signature; NK cytotoxic genes depleted,weak_pan_nk,"Strong T cell markers up (CD3D rank2, CD3G rank9, CD8A rank44) and GZMK/IFNG elevated; canonical NK/cytotoxic genes (GNLY, GZMB, PRF1) are strongly downregulated. Some NK-associated receptors (KLRB1, KLRC1) are modestly expressed but overall program indicates CD8 T cells rather than NK.",5,False,
4,26628,revise,trNK_Chemokine_inflammatory,trNK_Chemokine_decidual,"Decidual tissue-resident NK with chemokine/cytokine program (XCL1/2, CCL3/4) and KIR/KLRC1 expression",lineage_ambiguous; possible_contamination,"Strong decidual NK signature: upregulated KLRC1 and multiple KIRs, high XCL1/XCL2 and CCL3/4, low FGFBP2/FCGR3A/S1PR5 consistent with tissue-resident (dNK) phenotype. However abundant keratin/stromal genes (KRT81/KRT86, DCN, LUM) and high TRDC indicate possible non-NK contamination or mixed gamma-delta T cell presence.",3,True,Cluster shows coherent decidual TRNK chemokine program but also strong epithelial/stromal and TRDC signals; recommend inspecting cluster purity and co-expression at single-cell level.
5,10058,revise,Non-NK,T_activated_proliferating_IL2RA+,"Cord-blood proliferating activated T cells (IL2RA, CCR7, IRF4, MKI67) with depleted NK cytotoxic markers",weak_pan_nk; lineage_ambiguous,"High IL2RA (CD25), CCR7, IRF4 and strong cell-cycle program (MKI67, TOP2A, CDK1, TYMS, MCM7) indicate proliferating activated T cells; canonical NK cytotoxic markers (FGFBP2, KLRF1, GZMH, KLRB1) are downregulated. Majority of cells from cord blood.",3,True,Confirm T lineage with CD3/CD4/CD8 or FOXP3 expression and resolve NKG7 presence and occasional myeloid markers (CD68) to exclude doublets/contamination.
6,9557,revise,Non-NK,AT2_SFTPC+_lung,"Alveolar type II epithelial program (SFTPC+, AREG+); depleted NK/T cytotoxic markers",high_mito; epithelial_signature,"Strong epithelial/AT2 signal: SFTPC (rank 17) and AREG, plus lung as top tissue (~47%). Classic NK/T markers (NKG7, GZMA, GZMK, CD3E, IL2RB) are downregulated, arguing against NK identity. Elevated mitochondrial genes (MT-ATP6, MT-ND2, MT-ND3) present.",5,False,
7,1361,revise,Non-NK,Kidney_tubular_MT_high,"Kidney tubular/epithelial-like cells with strong metallothionein, heat-shock and mitochondrial signatures (FXYD2, RBP5, GPX3, APOE up)",possible_contamination,"Cluster from kidney shows epithelial/tubular markers FXYD2, RBP5, GPX3 and APOE with very high metallothionein (MT1*) and mitochondrial transcripts; canonical NK/T markers (IL2RB, CD3E, TRDC, PRF1) are depleted, supporting Non-NK assignment.",5,False,
8,9537,revise,trNK_Chemokine_inflammatory,trNK_Chemokine_CXCR6+_XCL1+,"spleen tissue-resident NK with CXCR6 and XCL1/2, GZMK+, low cytotoxic granzymes",,"Strong upregulation of CXCR6, XCL1/XCL2, KLRB1, CD160, EOMES and GZMK with concurrent depletion of cytotoxic markers (GNLY, GZMB, GZMH, PRF1) and presence in spleen support a tissue-resident, chemokine-producing NK phenotype rather than classical cytotoxic NK.",4,False,
9,24357,revise,Non-NK,stressed_high-mt_non-NK_blood,Strong mitochondrial and ER-stress signature with depleted core NK cytotoxic markers; likely low-quality/stressed blood cells,weak_pan_nk; possible_contamination,"Cluster (blood, 97%) shows strong upregulation of many mitochondrial genes (MT-CO1/2/3, MT-ND1/2/3/4/5/6, MT-CYB, MT-ATP6/8), HSPA5 and lncRNAs (NEAT1/MALAT1). Canonical NK cytotoxic and pan-NK markers (NKG7, GNLY, GZMA, GZMB, ID2) are depleted or not enriched, while a few NK-associated genes (ZEB2, CX3CR1, NKTR) are modestly up — overall consistent with stressed/low-quality non-NK blood cells rather than a clear NK subset.",3,True,"Some NK-associated genes (ZEB2, CX3CR1, NKTR) are present despite broad depletion of pan-NK markers; verify whether this cluster represents stressed/dying NK cells, mixed doublets, or low-quality non-NK cells."
10,38400,revise,cNK_Cytotoxic_activated,cNK_Cytotoxic_FGFBP2+,"Conventional lung cytotoxic NK cells (FGFBP2, GZMB/H, PRF1, NKG7) with surfactant/macrophage ambient signals and TRBC1 suggesting doublets/contamination",possible_contamination; lineage_ambiguous,"Strong pan-cytotoxic NK signature: FGFBP2 (pct 0.864), GZMB (0.944), GZMH (0.712), PRF1 (0.906), NKG7 (0.994), S1PR5/CX3CR1 support NK identity in a lung dataset (~96%). Concurrent expression of surfactant genes (SFTPA1/2, SFTPB, SFTPC), macrophage markers (MARCO, C1QA/B, APOC1/APOE, FABP4) at lower pct and high TRBC1 (0.58) indicate epithelial/macrophage ambient signal or T-cell/macrophage doublets, so labeled as conventional cytotoxic NK with contamination flagged.",4,True,High TRBC1 and surfactant/macrophage marker presence suggests T-cell or myeloid doublets or ambient RNA; verify purity and consider subclustering/doublet filtering.
11,3056,revise,L6_Developmental_immature_Homeostatic_quiescent,L6_immature_quiescent_cordblood,"Cord-blood developmental/immature NK-like cells (ZBTB16+, IL2RB+, CD69+; low KLRF1 and cytotoxic program)",weak_pan_nk; lineage_ambiguous,"High ZBTB16 (PLZF), IL2RB (CD122), CD69 and developmental TFs (JUN/FOS, NR4A1, BCL6) support immature NK/innate-lymphoid program in cord blood; canonical cytotoxic/NK effector genes (e.g. GZMB/PRF1/NKG7/KIRs) are not detected and KLRF1 is strongly down, suggesting a developmental/quiescent NK-like state rather than mature cytotoxic NK.",3,True,"Some markers (CD93, FCRL3) could indicate alternative lineage contamination or atypical expression; lack of canonical pan-NK effectors and mixed marker signals warrant manual confirmation."
12,15756,revise,Non-NK,Proliferating_cord-blood_cells,"Strong cell-cycle/proliferation program (MKI67, TYMS, CDK1, TOP2A, MCM7, BIRC5); depleted canonical NK markers (KLRF1, GZMH, CD160)",weak_pan_nk; lineage_ambiguous,"Cluster dominated by proliferation and mitotic markers (MKI67, TYMS, TPX2, NUSAP1, CENP* family, PLK1) in cord blood; canonical NK/cytotoxic markers (KLRF1, GZMH, CD160, FCRL6) are strongly downregulated, so labeling as NK is unsupported.",3,True,"Ambiguous lineage — proliferative signature could reflect dividing T cells, progenitors, or myeloid precursors; recommend checking CD3 (CD3D/E), CD4/CD8, CD14, CD34 and protein/CITE data to resolve identity."
13,2421,revise,Non-NK,TRM_CD3+_decidua,"CD3E+, ZNF683+, ITGA1+, XCL1/2+, ISG-high; canonical NK cytotoxic markers (FCGR3A, FGFBP2, PRF1, GZMH) depleted — likely tissue‑resident T/NKT-like cells in decidua",lineage_ambiguous; weak_pan_nk; possible_contamination,"From decidua; strong CD3E (82%), ZNF683, ITGA1, XCL1/2 and interferon-stimulated genes up, while core peripheral NK/cytotoxic markers (FCGR3A, FGFBP2, PRF1, GZMH) are strongly down — supports T/TRM or NKT identity rather than conventional NK.",3,True,"Overlap of NK receptors (KLRC1, KIR2DL4) with high CD3E — confirm T vs NKT vs tissue NK identity and assess keratin signal (KRT81/86) for possible doublets/epithelial contamination."
14,5263,revise,Non-NK,T_GZMK_Tcm_like,"GZMK+ T central/memory-like cells (TCF7, IL7R, SELL high; canonical NK/cytotoxic markers depleted)",weak_pan_nk; lineage_ambiguous,"Marker profile shows strong T-cell program (SELL, IL7R, TCF7, GZMK, XCL1/XCL2, CD2, CD44) and depletion of canonical NK/cytotoxic markers (FGFBP2, FCGR3A/CD16, GZMB, PRF1, S1PR5). Top tissue: blood.",3,True,KLRC1 and KIR2DL4 (NK-associated) are up but core NK cytotoxic genes are depleted — verify CD3/CD8 expression and exclude mixed NK/T doublets or annotation error.
15,17939,revise,trNK_Chemokine_inflammatory,trNK_Chemokine_inflammatory,"lung tissue-resident NK-like cells with strong XCL1/2, CCL3/4, CD69, KLRC1 and IFNG; depleted core cytotoxic genes",weak_pan_nk; possible_contamination,"Cluster expresses chemokine/inflammatory NK signals (XCL1/XCL2 up, CCL3/CCL4/CCL4L2 up), tissue-residency/activation markers (CD69 up, CD44 up) and NK receptor KLRC1 and KLRB1, plus IFNG and GZMK. However canonical cytotoxic NK markers are depleted relative to reference (FGFBP2, GNLY, GZMB, PRF1 down). Detection of immunoglobulin genes (IGKC, IGHG3/4/IGLCs) and epithelial surfactant genes (SFTPC, SFTPA2, SCGB3A2) indicates mixed-cell signal/contamination in this large lung cluster.",3,True,Mixed signal: chemokine/TR NK program present but reduced pan-cytotoxic NK markers and notable B/epithelial gene expression; verify identity/deconvolution.
16,14707,revise,Non-NK,B_cells_MS4A1+_CD79A+,"Conventional B cell population (high MS4A1, CD79A/B, PAX5, IGHM/IGHD; HLA-II+); depleted NK/T cytotoxic markers",,"Strong upregulation of canonical B cell markers (MS4A1 logFC 8.94, CD79A 8.47, PAX5, EBF1, IGHM/IGHD, TNFRSF13C, FCRL family, HLA-DRA) and marked downregulation of NK/T cytotoxic genes (NKG7, GNLY, PRF1, GZMA/B/H, KLR genes, CD3E, TRBC1/ TRDC); top tissue blood supports circulating B cells.",5,False,
17,6316,revise,Non-NK,Non-NK_structural_cytoskeletal,"Enriched for structural/cytoskeletal and regulatory genes (UTRN, SYNE1/2, MACF1, ZBTB20, IKZF2) with depletion of NK/cytotoxic program (NKG7, GNLY, GZMA/B/H)",lineage_ambiguous; weak_pan_nk,"Cluster shows strong upregulation of structural and transcriptional regulator genes (UTRN, SYNE1/SYNE2, MACF1, ZBTB20, IKZF2, RORA) and lacks core NK/cytotoxic markers which are strongly downregulated (NKG7, GNLY, GZMA, GZMB, GZMH). Top tissue is blood but marker set is inconsistent with NK identity, supporting a Non-NK assignment.",4,True,Ambiguous lineage — high expression of structural/TF genes suggests stromal/contaminating non-immune population or unusual blood cell subset; confirm exact cell type and rule out doublets/ambient RNA.
18,5730,revise,Non-NK,decidual_stroma_trophoblast,"Decidual stromal/epithelial-like (KRT7/KRT19, FN1, DCN, COL3A1, SPP1) lacking NK cytotoxic program",lineage_ambiguous; possible_contamination,"Strong upregulation of epithelial/stromal and ECM genes (KRT7, KRT19, FN1, COL3A1, DCN, TIMP3, SPP1, WFDC2, IGFBP3) and decidua-associated genes (EPAS1, FLT1). Canonical NK/T markers and cytotoxic genes are depleted (NKG7, PRF1, GZMA, GZMB, S1PR5, KLRs, CD3E), supporting a non-NK identity. Presence of HBA1/HBA2 suggests possible RBC contamination and high NCAM1 (CD56) raises ambiguity with decidual NK vs trophoblast/stroma.",3,True,High NCAM1 (CD56) vs strong depletion of NK cytotoxic markers; confirm trophoblast vs CD56bright dNK and assess hemoglobin/RBC contamination
19,1395,revise,Non-NK,B_plasma_cells,"Strong B / plasma-cell program (high IGH/IGK/IGL, JCHAIN, MZB1, CD79A/B, MS4A1)",,"Top markers are immunoglobulin genes (IGKC, IGLC2/3, IGHM, IGHA1, IGHGs), JCHAIN, MZB1, CD79A/B and HLA-II consistent with B cells/plasma cells; canonical NK/cytotoxic markers (NKG7, GNLY, GZMA, PRF1) are depleted. Sample from spleen supports lymphoid B population.",5,False,
20,1719,revise,Non-NK,B_cells_HLA-II_IGH+,"Mature/activated B cells (MS4A1/CD79A, IGKC/IGL, strong HLA‑II/CD74)",,"Cluster strongly expresses canonical B cell markers (MS4A1, CD79A/B, IGKC, IGLC2/3, IGHM/IGHG/IGHA, CD74, HLA-DRA/DRB1/DPA1/DPB1) and B‑lineage regulators (BANK1, SPIB, BLK). Pan‑NK and T/NK cytotoxic markers are markedly depleted (NKG7, GNLY, PRF1, GZMA/B/H, KLR genes, TRDC, CD3E), supporting a non‑NK identity. Top tissue is lung but lineage assignment is driven by B cell signature.",5,False,
21,8193,revise,Non-NK,Erythroid_precursors_bm,"Strong erythroid/erythroblast signature (HBB, HBA1/2, ALAS2, AHSP, SLC4A1) in bone marrow; canonical NK TFs/markers (EOMES, KLRC1, S1PR5, TIGIT) depleted",possible_contamination; weak_pan_nk; lineage_ambiguous,"Cluster from bone marrow shows high expression of hemoglobin and erythroid genes (HBB, HBA1/2, ALAS2, AHSP, GYPB, SLC4A1) consistent with erythroid precursors; NK-defining transcription factor EOMES and several NK receptors (KLRC1, KLRC3, S1PR5, TIGIT) are strongly down, while some cytotoxic genes (NKG7, GNLY, GZMA/B/H, FGFBP2) are up likely reflecting contamination or doublets.",4,True,"Presence of multiple cytotoxic/NK-associated genes (NKG7, GNLY, GZMA/B/H, FGFBP2) alongside strong erythroid program suggests contamination, doublets, or mixed subpopulations that warrant manual inspection."
22,929,revise,Non-NK,Inflammatory_monocytes_blood,"Peripheral blood inflammatory monocytes (IL1B, FCN1, CLEC7A, MS4A7, SPI1)",weak_pan_nk,"Clear myeloid/inflammatory monocyte signature: upregulated CLEC7A, FCN1, IL1B, MS4A7, SPI1, CYBB, NCF2, PLAUR and other macrophage/monocyte genes, with strong depletion of NK/T markers (NKG7, GNLY, PRF1, GZMB, CD3E). Cells predominantly from blood.",5,False,
23,4071,revise,Non-NK,Alveolar_AT2_club,Alveolar epithelial (AT2/club) identity with strong surfactant and secretoglobin expression; NK/cytotoxic genes likely contamination/doublets,lineage_ambiguous; possible_contamination,"Strong epithelial markers (SCGB3A1, SCGB1A1, SFTPC, SFTPA1, FABP4, CLDN5) define alveolar/club/AT2 cells; cytotoxic/NK genes (GZMB, PRF1, FCGR3A, KLRB1, FGFBP2, KLRF1) are also high, suggesting doublet/ambient signature rather than true NK lineage in lung tissue.",3,True,"Co-expression of robust epithelial markers and widespread NK/cytotoxic transcripts — inspect for doublets, ambient RNA, or mixed cell population."
24,1124,revise,Non-NK,Macrophage_CD163_MRC1,"Lung macrophage-like cluster (CD163, MRC1, SLC11A1, ALOX5, ANPEP up); depleted NK/T cytotoxic program",,"Strong upregulation of macrophage markers CD163 and MRC1 (also SLC11A1, ALOX5, ANPEP, CSF2RA) with concurrent strong depletion of pan-NK/T cytotoxic genes (NKG7, GNLY, GZMA/B, PRF1) and TCR genes (CD3E, TRBC1/TRDC). Top tissue is lung, consistent with tissue macrophages.",5,False,
